<?xml version="1.0" encoding="UTF-8"?>
<DEFECTS>
  <DEFECT>
    <SFA>
      <FILEPATH>c:\data\cppprojects\inventorysystem\inventorysystem\inventory</FILEPATH>
      <FILENAME>binarysearchtree.cpp</FILENAME>
      <LINE>61</LINE>
      <COLUMN>14</COLUMN>
    </SFA>
    <DEFECTCODE>6011</DEFECTCODE>
    <DESCRIPTION>Dereferencing NULL pointer 'p_root'. </DESCRIPTION>
    <FUNCTION>BinarySearchTree::DisplayHandle</FUNCTION>
    <DECORATED>?DisplayHandle@BinarySearchTree@@AEAAXAEAPEAUNode@1@@Z</DECORATED>
    <FUNCLINE>55</FUNCLINE>
    <PROBABILITY>1</PROBABILITY>
    <RANK>4</RANK>
    <CATEGORY>
      <RULECATEGORY>mspft</RULECATEGORY>
    </CATEGORY>
    <PATH>
      <SFA>
        <FILEPATH>c:\data\cppprojects\inventorysystem\inventorysystem\inventory</FILEPATH>
        <FILENAME>binarysearchtree.cpp</FILENAME>
        <LINE>57</LINE>
        <COLUMN>5</COLUMN>
        <KEYEVENT>
          <ID>1</ID>
          <KIND>branch</KIND>
          <IMPORTANCE>Full</IMPORTANCE>
          <MESSAGE>'p_root' may be NULL (Skip this branch)</MESSAGE>
        </KEYEVENT>
      </SFA>
      <SFA>
        <FILEPATH>c:\data\cppprojects\inventorysystem\inventorysystem\inventory</FILEPATH>
        <FILENAME>binarysearchtree.cpp</FILENAME>
        <LINE>61</LINE>
        <COLUMN>14</COLUMN>
        <KEYEVENT>
          <ID>2</ID>
          <KIND>usage</KIND>
          <IMPORTANCE>Essential</IMPORTANCE>
          <MESSAGE>'p_root' is dereferenced, but may still be NULL</MESSAGE>
        </KEYEVENT>
      </SFA>
    </PATH>
  </DEFECT>
  <DEFECT>
    <SFA>
      <FILEPATH>c:\data\cppprojects\inventorysystem\inventorysystem\inventory</FILEPATH>
      <FILENAME>binarysearchtree.cpp</FILENAME>
      <LINE>129</LINE>
      <COLUMN>1</COLUMN>
    </SFA>
    <DEFECTCODE>6001</DEFECTCODE>
    <DESCRIPTION>Using uninitialized memory 'removed'.</DESCRIPTION>
    <FUNCTION>BinarySearchTree::RemoveHandle</FUNCTION>
    <DECORATED>?RemoveHandle@BinarySearchTree@@AEAA_NAEAPEAUNode@1@AEBVTreeData@@H@Z</DECORATED>
    <FUNCLINE>101</FUNCLINE>
    <PROBABILITY>1</PROBABILITY>
    <RANK>3</RANK>
    <CATEGORY>
      <RULECATEGORY>mspft</RULECATEGORY>
    </CATEGORY>
    <PATH>
      <SFA>
        <FILEPATH>c:\data\cppprojects\inventorysystem\inventorysystem\inventory</FILEPATH>
        <FILENAME>binarysearchtree.cpp</FILENAME>
        <LINE>103</LINE>
        <COLUMN>6</COLUMN>
        <KEYEVENT>
          <ID>1</ID>
          <KIND>declaration</KIND>
          <IMPORTANCE>Essential</IMPORTANCE>
          <MESSAGE>'removed' is not initialized</MESSAGE>
        </KEYEVENT>
      </SFA>
      <SFA>
        <FILEPATH>c:\data\cppprojects\inventorysystem\inventorysystem\inventory</FILEPATH>
        <FILENAME>binarysearchtree.cpp</FILENAME>
        <LINE>104</LINE>
        <COLUMN>5</COLUMN>
        <KEYEVENT>
          <ID>2</ID>
          <KIND>branch</KIND>
          <IMPORTANCE>Full</IMPORTANCE>
          <MESSAGE>Skip this branch, (assume '!p_root' is false)</MESSAGE>
        </KEYEVENT>
      </SFA>
      <SFA>
        <FILEPATH>c:\data\cppprojects\inventorysystem\inventorysystem\inventory</FILEPATH>
        <FILENAME>binarysearchtree.cpp</FILENAME>
        <LINE>108</LINE>
        <COLUMN>26</COLUMN>
        <KEYEVENT>
          <ID>3</ID>
          <KIND>branch</KIND>
          <IMPORTANCE>Full</IMPORTANCE>
          <MESSAGE>Skip this branch, (assume 'p_root-&gt;p_data-&gt;==(treeData)' is false)</MESSAGE>
        </KEYEVENT>
      </SFA>
      <SFA>
        <FILEPATH>c:\data\cppprojects\inventorysystem\inventorysystem\inventory</FILEPATH>
        <FILENAME>binarysearchtree.cpp</FILENAME>
        <LINE>121</LINE>
        <COLUMN>19</COLUMN>
        <KEYEVENT>
          <ID>4</ID>
          <KIND>branch</KIND>
          <IMPORTANCE>Full</IMPORTANCE>
          <MESSAGE>Skip this branch, (assume 'treeData&lt;(*p_root-&gt;p_data)' is false)</MESSAGE>
        </KEYEVENT>
      </SFA>
      <SFA>
        <FILEPATH>c:\data\cppprojects\inventorysystem\inventorysystem\inventory</FILEPATH>
        <FILENAME>binarysearchtree.cpp</FILENAME>
        <LINE>125</LINE>
        <COLUMN>19</COLUMN>
        <KEYEVENT>
          <ID>5</ID>
          <KIND>branch</KIND>
          <IMPORTANCE>Full</IMPORTANCE>
          <MESSAGE>Skip this branch, (assume 'treeData&gt;(*p_root-&gt;p_data)' is false)</MESSAGE>
        </KEYEVENT>
      </SFA>
      <SFA>
        <FILEPATH>c:\data\cppprojects\inventorysystem\inventorysystem\inventory</FILEPATH>
        <FILENAME>binarysearchtree.cpp</FILENAME>
        <LINE>129</LINE>
        <COLUMN>1</COLUMN>
        <KEYEVENT>
          <ID>6</ID>
          <KIND>usage</KIND>
          <IMPORTANCE>Essential</IMPORTANCE>
          <MESSAGE>'removed' is used, but may not have been initialized</MESSAGE>
        </KEYEVENT>
      </SFA>
    </PATH>
  </DEFECT>
</DEFECTS>